metric,latency_ms
sensor_to_controller,26.334762573242188
sensor_to_controller,24.308443069458008
sensor_to_controller,9.6893310546875
sensor_to_controller,26.343345642089844
sensor_to_controller,13.606071472167969
sensor_to_controller,12.303352355957031
sensor_to_controller,25.631189346313477
sensor_to_controller,36.811113357543945
sensor_to_controller,10.830402374267578
sensor_to_controller,27.01282501220703
sensor_to_controller,23.768186569213867
sensor_to_controller,14.399290084838867
sensor_to_controller,12.250900268554688
sensor_to_controller,39.1542911529541
sensor_to_controller,38.3763313293457
sensor_to_controller,25.412321090698242
sensor_to_controller,10.670900344848633
sensor_to_controller,33.96463394165039
sensor_to_controller,8.756399154663086
sensor_to_controller,26.742935180664062
sensor_to_controller,34.087419509887695
sensor_to_controller,0.17499923706054688
sensor_to_controller,15.70272445678711
sensor_to_controller,29.546022415161133
sensor_to_controller,1.493215560913086
sensor_to_controller,23.82063865661621
sensor_to_controller,24.775266647338867
sensor_to_controller,24.65200424194336
sensor_to_controller,2.315998077392578
sensor_to_controller,23.36740493774414
sensor_to_controller,20.6756591796875
sensor_to_controller,15.362977981567383
sensor_to_controller,17.325162887573242
sensor_to_controller,19.01698112487793
sensor_to_controller,3.5581588745117188
sensor_to_controller,13.992786407470703
sensor_to_controller,22.623777389526367
sensor_to_controller,12.721538543701172
sensor_to_controller,18.004417419433594
sensor_to_controller,23.885011672973633
sensor_to_controller,9.975671768188477
sensor_to_controller,7.357120513916016
sensor_to_controller,14.041662216186523
sensor_to_controller,24.617433547973633
sensor_to_controller,23.813724517822266
sensor_to_controller,8.072614669799805
sensor_to_controller,32.26041793823242
sensor_to_controller,47.368764877319336
sensor_to_controller,47.45745658874512
sensor_to_controller,5.499839782714844
sensor_to_controller,3.7190914154052734
sensor_to_controller,12.740373611450195
sensor_to_controller,10.30111312866211
sensor_to_controller,57.09481239318848
sensor_to_controller,107.13768005371094
sensor_to_controller,157.64641761779785
sensor_to_controller,224.46966171264648
sensor_to_controller,276.98445320129395
sensor_to_controller,340.4386043548584
sensor_to_controller,386.4095211029053
sensor_to_controller,452.7566432952881
controller_to_actuator_command,2.946138381958008
controller_to_actuator_command,44.67129707336426
controller_to_actuator_command,18.413066864013672
controller_to_actuator_command,0.2799034118652344
controller_to_actuator_command,0.1556873321533203
controller_to_actuator_command,0.2644062042236328
controller_to_actuator_command,1.4638900756835938
controller_to_actuator_command,0.5118846893310547
controller_to_actuator_command,0.19478797912597656
controller_to_actuator_command,1.9886493682861328
controller_to_actuator_command,0.8146762847900391
controller_to_actuator_command,1.8062591552734375
controller_to_actuator_command,17.159700393676758
controller_to_actuator_command,3.4027099609375
controller_to_actuator_command,1.3921260833740234
controller_to_actuator_command,1.1153221130371094
controller_to_actuator_command,1.3232231140136719
controller_to_actuator_command,10.651111602783203
controller_to_actuator_command,10.907173156738281
controller_to_actuator_command,6.061792373657227
controller_to_actuator_command,0.023126602172851562
controller_to_actuator_command,14.404296875
controller_to_actuator_command,0.7796287536621094
controller_to_actuator_command,0.5228519439697266
controller_to_actuator_command,0.9555816650390625
controller_to_actuator_command,1.2061595916748047
controller_to_actuator_command,11.112213134765625
controller_to_actuator_command,0.5834102630615234
controller_to_actuator_command,0.5645751953125
controller_to_actuator_command,2.8977394104003906
controller_to_actuator_command,14.684677124023438
controller_to_actuator_command,0.43129920959472656
controller_to_actuator_command,0.6933212280273438
controller_to_actuator_command,0.7085800170898438
controller_to_actuator_command,11.349201202392578
controller_to_actuator_command,1.0035037994384766
controller_to_actuator_command,3.2863616943359375
controller_to_actuator_command,0.514984130859375
controller_to_actuator_command,0.039577484130859375
controller_to_actuator_command,0.5886554718017578
controller_to_actuator_command,3.2761096954345703
controller_to_actuator_command,0.26226043701171875
controller_to_actuator_command,1.3387203216552734
controller_to_actuator_command,0.19168853759765625
controller_to_actuator_command,6.867170333862305
controller_to_actuator_command,41.50700569152832
controller_to_actuator_command,0.8814334869384766
controller_to_actuator_command,5.175590515136719
controller_to_actuator_command,5.240201950073242
controller_to_actuator_command,0.10395050048828125
controller_to_actuator_command,0.11277198791503906
controller_to_actuator_command,0.05173683166503906
controller_to_actuator_command,5.334138870239258
controller_to_actuator_command,3.4189224243164062
controller_to_actuator_command,2.286672592163086
controller_to_actuator_command,0.6577968597412109
controller_to_actuator_command,0.9715557098388672
controller_to_actuator_command,18.357515335083008
controller_to_actuator_command,0.499725341796875
controller_to_actuator_command,12.528181076049805
controller_to_actuator_command,1.4946460723876953
controller_to_actuator_command,0.9648799896240234
controller_to_actuator_command,3.5393238067626953
controller_to_actuator_command,3.5059452056884766
controller_to_actuator_command,0.5445480346679688
controller_to_actuator_command,1.6438961029052734
controller_to_actuator_command,10.88404655456543
controller_to_actuator_command,1.4777183532714844
controller_to_actuator_command,8.39376449584961
controller_to_actuator_command,0.6513595581054688
controller_to_actuator_command,2.943277359008789
controller_to_actuator_command,0.9047985076904297
controller_to_actuator_command,0.12445449829101562
controller_to_actuator_command,0.06532669067382812
controller_to_actuator_command,0.9872913360595703
controller_to_actuator_command,3.885984420776367
controller_to_actuator_command,1.7161369323730469
controller_to_actuator_command,0.8001327514648438
controller_to_actuator_command,0.3516674041748047
controller_to_actuator_command,0.46372413635253906
controller_to_actuator_command,8.61501693725586
controller_to_actuator_command,0.8814334869384766
controller_to_actuator_command,0.062465667724609375
controller_to_actuator_command,1.2440681457519531
controller_to_actuator_command,2.9463768005371094
controller_to_actuator_command,0.6301403045654297
controller_to_actuator_command,1.6429424285888672
controller_to_actuator_command,1.241922378540039
controller_to_actuator_command,0.08654594421386719
controller_to_actuator_command,0.08249282836914062
controller_to_actuator_command,0.7917881011962891
controller_to_actuator_command,0.8671283721923828
controller_to_actuator_command,0.1361370086669922
controller_to_actuator_command,0.28896331787109375
controller_to_actuator_command,0.3612041473388672
controller_to_actuator_command,0.431060791015625
controller_to_actuator_command,1.5456676483154297
controller_to_actuator_command,1.2500286102294922
controller_to_actuator_command,0.3070831298828125
controller_to_actuator_command,0.5922317504882812
controller_to_actuator_command,1.8889904022216797
controller_to_actuator_command,0.010251998901367188
controller_to_actuator_command,5.517482757568359
controller_to_actuator_command,6.65593147277832
controller_to_actuator_command,7.295370101928711
controller_to_actuator_command,0.8633136749267578
controller_to_actuator_command,0.04506111145019531
controller_to_actuator_command,1.7676353454589844
controller_to_actuator_command,1.093149185180664
controller_to_actuator_command,0.8940696716308594
controller_to_actuator_command,5.495309829711914
controller_to_actuator_command,1.531839370727539
controller_to_actuator_command,0.6520748138427734
controller_to_actuator_command,0.44536590576171875
controller_to_actuator_command,6.526708602905273
controller_to_actuator_command,1.237630844116211
controller_to_actuator_command,1.6655921936035156
controller_to_actuator_command,0.3535747528076172
controller_to_actuator_command,0.453948974609375
controller_to_actuator_command,1.2173652648925781
controller_to_actuator_command,0.05936622619628906
controller_to_actuator_command,1.325368881225586
controller_to_actuator_command,0.3478527069091797
controller_to_actuator_command,1.0876655578613281
controller_to_actuator_command,0.2071857452392578
controller_to_actuator_command,0.10395050048828125
controller_to_actuator_command,0.36907196044921875
controller_to_actuator_command,4.862546920776367
controller_to_actuator_command,0.5424022674560547
controller_to_actuator_command,0.5793571472167969
controller_to_actuator_command,0.5915164947509766
controller_to_actuator_command,0.43964385986328125
controller_to_actuator_command,0.7936954498291016
controller_to_actuator_command,1.5037059783935547
controller_to_actuator_command,0.8788108825683594
controller_to_actuator_command,0.07128715515136719
controller_to_actuator_command,0.8981227874755859
controller_to_actuator_command,2.627134323120117
controller_to_actuator_command,7.859945297241211
controller_to_actuator_command,2.117156982421875
controller_to_actuator_command,3.248929977416992
controller_to_actuator_command,0.881195068359375
controller_to_actuator_command,2.290964126586914
controller_to_actuator_command,22.450685501098633
controller_to_actuator_command,12.037992477416992
controller_to_actuator_command,0.10395050048828125
controller_to_actuator_command,2.1173954010009766
controller_to_actuator_command,4.572868347167969
controller_to_actuator_command,4.078865051269531
controller_to_actuator_command,0.39267539978027344
controller_to_actuator_command,14.515876770019531
controller_to_actuator_command,1.0423660278320312
controller_to_actuator_command,0.518798828125
controller_to_actuator_command,0.6933212280273438
controller_to_actuator_command,1.024007797241211
controller_to_actuator_command,1.0340213775634766
controller_to_actuator_command,4.585504531860352
controller_to_actuator_command,0.41484832763671875
controller_to_actuator_command,1.8625259399414062
controller_to_actuator_command,0.9799003601074219
controller_to_actuator_command,0.9896755218505859
controller_to_actuator_command,0.16450881958007812
controller_to_actuator_command,0.7278919219970703
controller_to_actuator_command,0.5600452423095703
controller_to_actuator_command,0.7679462432861328
controller_to_actuator_command,0.5490779876708984
controller_to_actuator_command,0.0629425048828125
controller_to_actuator_command,0.4436969757080078
controller_to_actuator_command,4.974603652954102
controller_to_actuator_command,9.888410568237305
controller_to_actuator_command,0.9391307830810547
controller_to_actuator_command,0.8156299591064453
controller_to_actuator_command,0.6003379821777344
controller_to_actuator_command,14.56594467163086
controller_to_actuator_command,0.34928321838378906
controller_to_actuator_command,0.8268356323242188
controller_to_actuator_command,0.32782554626464844
controller_to_actuator_command,1.0340213775634766
controller_to_actuator_command,1.2395381927490234
controller_to_actuator_command,1.516580581665039
controller_to_actuator_command,0.5738735198974609
controller_to_actuator_command,1.8472671508789062
controller_to_actuator_command,1.4417171478271484
controller_to_actuator_command,2.7735233306884766
controller_to_actuator_command,10.314464569091797
controller_to_actuator_command,2.3488998413085938
controller_to_actuator_command,7.3719024658203125
controller_to_actuator_command,0.3840923309326172
controller_to_actuator_command,0.3101825714111328
controller_to_actuator_command,2.950906753540039
controller_to_actuator_command,1.1496543884277344
controller_to_actuator_command,0.15354156494140625
controller_to_actuator_command,0.5514621734619141
controller_to_actuator_command,0.09393692016601562
controller_to_actuator_command,0.6113052368164062
controller_to_actuator_command,20.028114318847656
controller_to_actuator_command,0.850677490234375
controller_to_actuator_command,1.3134479522705078
controller_to_actuator_command,1.058340072631836
controller_to_actuator_command,0.5161762237548828
controller_to_actuator_command,0.8952617645263672
controller_to_actuator_command,31.258106231689453
controller_to_actuator_command,7.96198844909668
controller_to_actuator_command,0.4010200500488281
controller_to_actuator_command,0.4322528839111328
controller_to_actuator_command,0.37670135498046875
controller_to_actuator_command,2.7697086334228516
controller_to_actuator_command,0.06747245788574219
controller_to_actuator_command,1.1563301086425781
controller_to_actuator_command,2.778768539428711
controller_to_actuator_command,0.4534721374511719
controller_to_actuator_command,19.983291625976562
controller_to_actuator_command,12.176990509033203
controller_to_actuator_command,0.6279945373535156
controller_to_actuator_command,0.7929801940917969
controller_to_actuator_command,1.9848346710205078
controller_to_actuator_command,1.318216323852539
controller_to_actuator_command,1.2650489807128906
controller_to_actuator_command,0.8487701416015625
controller_to_actuator_command,1.432180404663086
controller_to_actuator_command,1.4348030090332031
controller_to_actuator_command,1.2698173522949219
controller_to_actuator_command,0.4723072052001953
controller_to_actuator_command,0.12350082397460938
controller_to_actuator_command,7.200717926025391
controller_to_actuator_command,1.8749237060546875
controller_to_actuator_command,0.7119178771972656
controller_to_actuator_command,8.382558822631836
controller_to_actuator_command,7.939815521240234
controller_to_actuator_command,12.447595596313477
controller_to_actuator_command,0.9965896606445312
controller_to_actuator_command,1.615285873413086
controller_to_actuator_command,0.03337860107421875
controller_to_actuator_command,1.0900497436523438
controller_to_actuator_command,5.219697952270508
controller_to_actuator_command,0.8475780487060547
controller_to_actuator_command,0.3333091735839844
controller_to_actuator_command,3.566265106201172
controller_to_actuator_command,4.059553146362305
controller_to_actuator_command,0.9911060333251953
controller_to_actuator_command,0.6506443023681641
controller_to_actuator_command,1.0960102081298828
controller_to_actuator_command,19.00005340576172
controller_to_actuator_command,0.07939338684082031
controller_to_actuator_command,0.1220703125
controller_to_actuator_command,0.2162456512451172
controller_to_actuator_command,0.15282630920410156
controller_to_actuator_command,0.6721019744873047
controller_to_actuator_command,0.9932518005371094
controller_to_actuator_command,0.9598731994628906
controller_to_actuator_command,0.30422210693359375
controller_to_actuator_command,0.3113746643066406
controller_to_actuator_command,0.41794776916503906
controller_to_actuator_command,0.1888275146484375
controller_to_actuator_command,4.792451858520508
controller_to_actuator_command,0.6639957427978516
controller_to_actuator_command,0.81634521484375
controller_to_actuator_command,0.9071826934814453
controller_to_actuator_command,0.12803077697753906
controller_to_actuator_command,1.0554790496826172
controller_to_actuator_command,3.5271644592285156
controller_to_actuator_command,1.9669532775878906
controller_to_actuator_command,1.0464191436767578
controller_to_actuator_command,0.2086162567138672
controller_to_actuator_command,2.2389888763427734
controller_to_actuator_command,1.8572807312011719
controller_to_actuator_command,0.5517005920410156
controller_to_actuator_command,0.39005279541015625
controller_to_actuator_command,1.0297298431396484
controller_to_actuator_command,7.116556167602539
controller_to_actuator_command,0.4513263702392578
controller_to_actuator_command,2.8378963470458984
controller_to_actuator_command,0.5679130554199219
controller_to_actuator_command,7.302522659301758
controller_to_actuator_command,0.37670135498046875
controller_to_actuator_command,0.5195140838623047
controller_to_actuator_command,3.8611888885498047
controller_to_actuator_command,1.8277168273925781
controller_to_actuator_command,0.5049705505371094
controller_to_actuator_command,2.0084381103515625
controller_to_actuator_command,7.480621337890625
controller_to_actuator_command,3.5691261291503906
controller_to_actuator_command,4.009485244750977
controller_to_actuator_command,0.6201267242431641
controller_to_actuator_command,1.0364055633544922
controller_to_actuator_command,0.7834434509277344
controller_to_actuator_command,0.20813941955566406
controller_to_actuator_command,0.2155303955078125
controller_to_actuator_command,0.4913806915283203
controller_to_actuator_command,0.9446144104003906
controller_to_actuator_command,0.797271728515625
controller_to_actuator_command,0.4265308380126953
controller_to_actuator_command,2.6578903198242188
controller_to_actuator_command,3.313779830932617
controller_to_actuator_command,1.9862651824951172
controller_to_actuator_command,0.18262863159179688
controller_to_actuator_command,0.5030632019042969
controller_to_actuator_command,0.28514862060546875
controller_to_actuator_command,0.9799003601074219
controller_to_actuator_command,0.5877017974853516
controller_to_actuator_command,0.27060508728027344
controller_to_actuator_command,1.3592243194580078
controller_to_actuator_command,0.11658668518066406
controller_to_actuator_command,1.383066177368164
controller_to_actuator_command,3.411531448364258
controller_to_actuator_command,0.6253719329833984
controller_to_actuator_command,4.811525344848633
end_to_end_command,29.280900955200195
end_to_end_command,68.97974014282227
end_to_end_command,28.102397918701172
end_to_end_command,26.623249053955078
end_to_end_command,13.761758804321289
end_to_end_command,12.567758560180664
end_to_end_command,27.09507942199707
end_to_end_command,37.322998046875
end_to_end_command,11.025190353393555
end_to_end_command,29.001474380493164
end_to_end_command,24.582862854003906
end_to_end_command,16.205549240112305
end_to_end_command,29.410600662231445
end_to_end_command,42.5570011138916
end_to_end_command,39.76845741271973
end_to_end_command,26.52764320373535
end_to_end_command,11.994123458862305
end_to_end_command,44.615745544433594
end_to_end_command,19.663572311401367
end_to_end_command,32.80472755432129
end_to_end_command,34.11054611206055
end_to_end_command,14.579296112060547
end_to_end_command,16.48235321044922
end_to_end_command,30.06887435913086
end_to_end_command,2.4487972259521484
end_to_end_command,25.026798248291016
end_to_end_command,35.88747978210449
end_to_end_command,25.235414505004883
end_to_end_command,2.880573272705078
end_to_end_command,26.26514434814453
end_to_end_command,35.36033630371094
end_to_end_command,15.79427719116211
end_to_end_command,18.018484115600586
end_to_end_command,19.725561141967773
end_to_end_command,14.907360076904297
end_to_end_command,14.99629020690918
end_to_end_command,25.910139083862305
end_to_end_command,13.236522674560547
end_to_end_command,18.043994903564453
end_to_end_command,24.47366714477539
end_to_end_command,13.251781463623047
end_to_end_command,7.619380950927734
end_to_end_command,15.380382537841797
end_to_end_command,24.80912208557129
end_to_end_command,30.68089485168457
end_to_end_command,49.579620361328125
end_to_end_command,33.1418514251709
end_to_end_command,52.544355392456055
end_to_end_command,52.69765853881836
end_to_end_command,5.603790283203125
end_to_end_command,3.8318634033203125
end_to_end_command,12.792110443115234
end_to_end_command,15.635251998901367
end_to_end_command,60.51373481750488
end_to_end_command,109.42435264587402
end_to_end_command,158.30421447753906
end_to_end_command,225.44121742248535
end_to_end_command,295.34196853637695
end_to_end_command,340.9383296966553
end_to_end_command,398.9377021789551
end_to_end_command,454.2512893676758
