trace_id,sensor_to_controller_ms,controller_to_actuator_ms,end_to_end_ms
255,9.531259536743164,19.999980926513672,29.531240463256836
256,17.259836196899414,2.148151397705078,19.407987594604492
257,13.855695724487305,2.088308334350586,15.94400405883789
258,21.756649017333984,1.9326210021972656,23.68927001953125
259,6.418466567993164,1.6484260559082031,8.066892623901367
260,9.485006332397461,1.7786026000976562,11.263608932495117
261,18.257617950439453,2.261638641357422,20.519256591796875
262,20.261526107788086,2.5453567504882812,22.806882858276367
263,12.153148651123047,2.0089149475097656,14.162063598632812
264,19.90056037902832,2.9001235961914062,22.800683975219727
265,12.851715087890625,1.8780231475830078,14.729738235473633
266,17.423629760742188,1.8041133880615234,19.22774314880371
267,22.931575775146484,3.562450408935547,26.49402618408203
268,8.084774017333984,2.0728111267089844,10.157585144042969
269,20.971059799194336,2.110719680786133,23.08177947998047
270,27.382612228393555,4.123926162719727,31.50653839111328
271,13.283252716064453,2.4857521057128906,15.769004821777344
272,21.02971076965332,2.3555755615234375,23.385286331176758
273,8.585214614868164,1.3027191162109375,9.887933731079102
274,13.677358627319336,1.9683837890625,15.645742416381836
275,8.396625518798828,1.499176025390625,9.895801544189453
276,11.848211288452148,1.653432846069336,13.501644134521484
277,13.67950439453125,1.6338825225830078,15.313386917114258
278,6.850719451904297,1.5079975128173828,8.35871696472168
279,6.292581558227539,1.8455982208251953,8.138179779052734
280,18.227100372314453,2.057790756225586,20.28489112854004
281,21.554946899414062,2.1703243255615234,23.725271224975586
282,14.016389846801758,1.859903335571289,15.876293182373047
283,16.942262649536133,1.699686050415039,18.641948699951172
284,7.478952407836914,1.7058849334716797,9.184837341308594
285,18.941640853881836,2.078533172607422,21.020174026489258
286,25.365829467773438,1.9690990447998047,27.334928512573242
287,11.67607307434082,1.6939640045166016,13.370037078857422
288,11.394023895263672,1.2428760528564453,12.636899948120117
289,6.237268447875977,1.0256767272949219,7.262945175170898
290,11.409997940063477,1.9550323486328125,13.365030288696289
291,22.52054214477539,2.0389556884765625,24.559497833251953
293,6.090641021728516,1.6918182373046875,7.782459259033203
294,11.771678924560547,2.913951873779297,14.685630798339844
295,20.076990127563477,2.4063587188720703,22.483348846435547
296,19.948244094848633,2.4275779724121094,22.375822067260742
297,13.6260986328125,1.7731189727783203,15.39921760559082
298,17.5626277923584,2.085447311401367,19.648075103759766
299,7.06791877746582,1.7228126525878906,8.790731430053711
300,12.13836669921875,1.7175674438476562,13.855934143066406
301,13.128042221069336,1.8765926361083984,15.004634857177734
302,6.960153579711914,1.9626617431640625,8.922815322875977
303,11.847257614135742,19.899845123291016,31.747102737426758
304,17.580509185791016,1.8525123596191406,19.433021545410156
305,6.065845489501953,1.7361640930175781,7.802009582519531
306,23.194313049316406,2.0225048065185547,25.21681785583496
307,6.659269332885742,1.9383430480957031,8.597612380981445
308,22.37844467163086,2.557516098022461,24.93596076965332
309,12.195825576782227,1.9831657409667969,14.178991317749023
310,6.905555725097656,2.6094913482666016,9.515047073364258
311,6.1798095703125,2.1436214447021484,8.323431015014648
312,6.758689880371094,1.9030570983886719,8.661746978759766
313,13.245582580566406,2.077341079711914,15.32292366027832
314,6.987810134887695,1.9376277923583984,8.925437927246094
315,13.506412506103516,2.1533966064453125,15.659809112548828
316,21.476268768310547,1.947641372680664,23.42391014099121
317,11.689901351928711,1.825094223022461,13.514995574951172
318,12.520313262939453,1.9974708557128906,14.517784118652344
319,5.194425582885742,1.3871192932128906,6.581544876098633
320,29.96516227722168,1.9516944885253906,31.91685676574707
321,20.384550094604492,1.7104148864746094,22.0949649810791
322,11.269092559814453,1.5053749084472656,12.774467468261719
323,23.681640625,2.3887157440185547,26.070356369018555
324,17.98081398010254,2.0186901092529297,19.99950408935547
325,21.012544631958008,1.7659664154052734,22.77851104736328
326,11.229515075683594,2.058267593383789,13.287782669067383
327,18.874645233154297,1.8987655639648438,20.77341079711914
328,19.286394119262695,2.2058486938476562,21.49224281311035
329,20.3244686126709,2.2051334381103516,22.52960205078125
330,18.67961883544922,1.9371509552001953,20.616769790649414
331,12.725114822387695,2.082347869873047,14.807462692260742
332,17.420291900634766,2.1381378173828125,19.558429718017578
333,6.058454513549805,2.2029876708984375,8.261442184448242
334,21.828174591064453,1.829385757446289,23.657560348510742
335,14.056682586669922,1.8317699432373047,15.888452529907227
336,10.985136032104492,1.97601318359375,12.961149215698242
337,6.090402603149414,1.8846988677978516,7.975101470947266
338,7.482767105102539,2.0821094512939453,9.564876556396484
339,11.066436767578125,1.522064208984375,12.5885009765625
340,17.968177795410156,1.863241195678711,19.831418991088867
341,11.412858963012695,1.505136489868164,12.91799545288086
342,17.36736297607422,1.9745826721191406,19.34194564819336
343,16.87479019165039,2.020597457885742,18.895387649536133
344,25.801658630371094,1.9354820251464844,27.737140655517578
345,17.200946807861328,2.2928714752197266,19.493818283081055
346,25.956153869628906,2.0520687103271484,28.008222579956055
347,11.746644973754883,1.9195079803466797,13.666152954101562
348,17.49420166015625,1.7120838165283203,19.20628547668457
349,5.446672439575195,2.188444137573242,7.6351165771484375
350,9.78398323059082,2.031564712524414,11.815547943115234
351,5.2032470703125,1.8448829650878906,7.048130035400391
352,13.229608535766602,1.9001960754394531,15.129804611206055
353,6.3037872314453125,0.3905296325683594,6.694316864013672
354,6.850719451904297,1.585245132446289,8.435964584350586
355,10.778427124023438,1.7817020416259766,12.560129165649414
356,23.02265167236328,2.079486846923828,25.10213851928711
357,24.377107620239258,2.043485641479492,26.42059326171875
358,10.540246963500977,1.91497802734375,12.455224990844727
359,11.344671249389648,2.0971298217773438,13.441801071166992
360,24.399518966674805,2.13623046875,26.535749435424805
361,4.601955413818359,2.2487640380859375,6.850719451904297
362,6.912946701049805,2.018451690673828,8.931398391723633
363,16.120195388793945,1.9979476928710938,18.11814308166504
364,24.844646453857422,1.9750595092773438,26.819705963134766
365,11.33584976196289,2.049684524536133,13.385534286499023
366,17.098665237426758,2.0761489868164062,19.174814224243164
367,9.783506393432617,2.0058155059814453,11.789321899414062
368,15.700340270996094,1.552581787109375,17.25292205810547
369,4.23884391784668,1.9307136535644531,6.169557571411133
370,9.126663208007812,1.9650459289550781,11.09170913696289
371,13.732671737670898,1.9960403442382812,15.72871208190918
372,5.466461181640625,1.6016960144042969,7.068157196044922
373,7.640600204467773,1.8563270568847656,9.496927261352539
374,22.532939910888672,2.1681785583496094,24.70111846923828
375,26.553869247436523,2.3109912872314453,28.86486053466797
376,17.475128173828125,1.992940902709961,19.468069076538086
377,10.201215744018555,2.0821094512939453,12.2833251953125
378,18.335580825805664,1.065969467163086,19.40155029296875
379,22.801876068115234,1.8966197967529297,24.698495864868164
380,18.688440322875977,2.5391578674316406,21.227598190307617
381,5.275249481201172,1.9450187683105469,7.220268249511719
382,6.843090057373047,2.103090286254883,8.94618034362793
383,13.323783874511719,1.8541812896728516,15.17796516418457
384,24.57571029663086,2.0513534545898438,26.627063751220703
385,10.82468032836914,2.083301544189453,12.907981872558594
386,17.15397834777832,2.1283626556396484,19.28234100341797
387,21.50893211364746,1.9161701202392578,23.42510223388672
388,8.460521697998047,1.8012523651123047,10.261774063110352
389,8.545637130737305,1.5227794647216797,10.068416595458984
390,15.143632888793945,1.5807151794433594,16.724348068237305
391,16.754627227783203,2.1262168884277344,18.880844116210938
392,7.489681243896484,1.3811588287353516,8.870840072631836
393,21.19612693786621,1.8963813781738281,23.09250831604004
394,17.32611656188965,2.2537708282470703,19.57988739013672
395,22.711515426635742,2.1584033966064453,24.869918823242188
396,14.96124267578125,2.2585391998291016,17.21978187561035
397,13.73291015625,1.6734600067138672,15.406370162963867
398,21.120309829711914,2.142667770385742,23.262977600097656
399,7.813215255737305,2.187967300415039,10.001182556152344
400,21.85678482055664,1.2545585632324219,23.111343383789062
401,8.227825164794922,2.1414756774902344,10.369300842285156
402,21.951913833618164,1.9211769104003906,23.873090744018555
403,8.579492568969727,2.237081527709961,10.816574096679688
404,7.938146591186523,2.4907588958740234,10.428905487060547
405,15.192270278930664,2.0589828491210938,17.251253128051758
406,22.407054901123047,2.0813941955566406,24.488449096679688
407,8.526086807250977,2.382040023803711,10.908126831054688
408,3.7870407104492188,1.5006065368652344,5.287647247314453
409,16.373634338378906,1.806497573852539,18.180131912231445
410,17.29106903076172,1.9488334655761719,19.23990249633789
411,6.231069564819336,1.947164535522461,8.178234100341797
412,21.033525466918945,2.0720958709716797,23.105621337890625
413,8.352994918823242,1.8770694732666016,10.230064392089844
414,11.542558670043945,1.4004707336425781,12.943029403686523
415,20.89715003967285,1.9218921661376953,22.819042205810547
416,11.142492294311523,20.455121994018555,31.597614288330078
